"travel","travelAmount","lodging","honorarium","arrivalAirport","departAirline","departFlightNum","nameFirst","nameLast"
,,,,,,,"zoey","perkins"
,,,,,,,"melodie","gagné"
,,,,,,,"mario","krämer"
,,,,,,,"adam","kumar"
,,,,,,,"julio","davis"
,,,,,,,"erwan","roux"
,,,,,,,"avery","west"
,,,,,,,"anton","kristensen"
,,,,,,,"mia","warren"
,,,,,,,"jack","roy"
,,,,,,,"dylan","patel"
,,,,,,,"mustafa","çağıran"
,,,,,,,"minttu","hannula"
,,,,,,,"gül","abacı"
,,,,,,,"lino","lacroix"
,,,,,,,"gaspard","dumont"
,,,,,,,"cody","garza"
,,,,,,,"becky","cox"
,,,,,,,"elisah","moraes"
,,,,,,,"زهرا","كامياران"
,,,,,,,"iina","niva"
,,,,,,,"catiúcia","da cruz"
,,,,,,,"clémence","blanchard"
,,,,,,,"samantha","jones"
,,,,,,,"tina","chavez"
,,,,,,,"vanesa","hernandez"
,,,,,,,"zachary","chen"
,,,,,,,"ceyhan","süleymanoğlu"
,,,,,,,"danny","martin"
,,,,,,,"phillip","barnes"
,,,,,,,"آدرین","پارسا"
,,,,,,,"dwayne","gordon"
,,,,,,,"melodie","white"
,,,,,,,"diocléia","porto"
,,,,,,,"adam","johnson"
,,,,,,,"noelia","peña"
,,,,,,,"tracy","watkins"
,,,,,,,"ariana","white"
,,,,,,,"chloe","li"
,,,,,,,"eize","van der gaast"
,,,,,,,"edward","hale"
,,,,,,,"jackson","spencer"
,,,,,,,"juho","seppanen"
,,,,,,,"mia","wood"
,,,,,,,"ece","arslanoğlu"
,,,,,,,"niilo","annala"
,,,,,,,"tobias","møller"
,,,,,,,"rosie","gordon"
,,,,,,,"storm","poulsen"
,,,,,,,"sarah","kowalski"
,,,,,,,"landon","roberts"
,,,,,,,"maelya","moulin"
,,,,,,,"angela","dominguez"
,,,,,,,"kelly","richards"
,,,,,,,"kerttu","laurila"
,,,,,,,"lana","caron"
,,,,,,,"claire","olivier"
,,,,,,,"lucas","olsen"
,,,,,,,"ritthy","perry"
,,,,,,,"dion","van der steeg"
,,,,,,,"کیانا","كامياران"
,,,,,,,"jozef","verbiest"
,,,,,,,"ayşe","sarıoğlu"
,,,,,,,"hanaé","marie"
,,,,,,,"harry","nelson"
,,,,,,,"pat","burke"
,,,,,,,"edina","broekhoven"
,,,,,,,"nella","hakala"
,,,,,,,"noêmia","porto"
,,,,,,,"hélmut","silva"
,,,,,,,"jeanne","ouellet"
,,,,,,,"hannah","gill"
,,,,,,,"christian","newman"
,,,,,,,"fernanda","cavalcanti"
,,,,,,,"maxine","ryan"
,,,,,,,"begüm","biçer"
,,,,,,,"keira","jackson"
,,,,,,,"eva","clement"
,,,,,,,"ronald","simpson"
,,,,,,,"talytha","gonçalves"
,,,,,,,"kay","bennett"
,,,,,,,"viktor","schreiner"
,,,,,,,"allie","brady"
,,,,,,,"marcos","cabrera"
,,,,,,,"leslie","burton"
,,,,,,,"thaïs","simon"
,,,,,,,"elliot","lévesque"
,,,,,,,"noah","simon"
,,,,,,,"roy","verschuuren"
,,,,,,,"charlie","bouchard"
,,,,,,,"katie","edwards"
,,,,,,,"salvador","peña"
,,,,,,,"karla","pedersen"
,,,,,,,"emma","kristensen"
,,,,,,,"natalie","gonzales"
,,,,,,,"noham","bourgeois"
,,,,,,,"faustine","morin"
,,,,,,,"otto","nikula"
,,,,,,,"léonie","vincent"
,,,,,,,"anna","perkins"
,,,,,,,"Jane","Doe"
,,,,,,,"Guy","Tester"
,,,,,,,"Joe","Smith"
,,,,,,,"Person","TestNew"
,,,,,,,"Test1","Test1"
,,,,,,,"Test2","Test2"
,,,,,,,"Test3","Test3"
,,,,,,,"Test4","Test4"
,,,,,,,"Test5","Test5"
,,,,,,,"Test7","Test7"
,,,,,,,"Test8","Test8"
,,,,,,,"jane","doe"
,,,,,,,"Copres","Buddy"
,,,,,,,"New","Dude"
,,,,,,,"Pearson","Spector"